task,cot,few-shot,zero-shot
boolean_expressions,0.9,0.9333333333333333,0.8666666666666667
date_understanding,0.6,0.6666666666666666,0.8
geometric_shapes,0.6666666666666666,0.7666666666666667,0.5
tracking_shuffled_objects_five_objects,0.7666666666666667,0.8,0.8333333333333334
word_sorting,0.36666666666666664,0.5333333333333333,0.1
